task,train_setting,variant,test_setting,group,n,acc,macro_f1,precision,recall
sarcasm,TRAIN_en-IN,ce,TEST_Reddit,en-AU,241,0.5767634854771784,0.399266862170088,0.4444444444444444,0.039603960396039604
sarcasm,TRAIN_en-IN,ce,TEST_Reddit,en-IN,230,0.8521739130434782,0.6830928837737072,0.45161290322580644,0.45161290322580644
sarcasm,TRAIN_en-IN,ce,TEST_Reddit,en-UK,141,0.7872340425531915,0.5630165289256198,0.5555555555555556,0.16129032258064516
