task,train_setting,variant,test_setting,group,n,acc,macro_f1,precision,recall
sarcasm,TRAIN_en-UK,ce,TEST_Reddit,en-AU,241,0.5684647302904564,0.5071574642126789,0.4727272727272727,0.25742574257425743
sarcasm,TRAIN_en-UK,ce,TEST_Reddit,en-IN,230,0.7347826086956522,0.6074316572931531,0.27941176470588236,0.6129032258064516
sarcasm,TRAIN_en-UK,ce,TEST_Reddit,en-UK,141,0.7163120567375887,0.5419103313840156,0.30434782608695654,0.22580645161290322
