task,train_setting,variant,test_setting,group,n,acc,macro_f1,precision,recall
sentiment,TRAIN_en-AU,ce,TEST_Google,en-AU,130,0.9153846153846154,0.895245769540693,0.967032967032967,0.9166666666666666
sentiment,TRAIN_en-AU,ce,TEST_Google,en-IN,225,0.8666666666666667,0.817251461988304,0.896551724137931,0.9285714285714286
sentiment,TRAIN_en-AU,ce,TEST_Google,en-UK,248,0.9274193548387096,0.9088235294117647,0.9827586206896551,0.9193548387096774
