task,train_setting,variant,test_setting,group,n,acc,macro_f1,precision,recall
sentiment,Google,ce,TEST_Google,en-AU,130,0.9384615384615385,0.9187753826929085,0.9489795918367347,0.96875
sentiment,Google,ce,TEST_Google,en-IN,225,0.8755555555555555,0.8225152129817443,0.8888888888888888,0.9523809523809523
sentiment,Google,ce,TEST_Google,en-UK,248,0.9556451612903226,0.9405392445345364,0.9679144385026738,0.9731182795698925
