task,train_setting,variant,test_setting,group,n,acc,macro_f1,precision,recall
sentiment,TRAIN_en-IN,ce,TEST_FULL,en-AU,371,0.8840970350404312,0.8825923445469064,0.9166666666666666,0.8265895953757225
sentiment,TRAIN_en-IN,ce,TEST_FULL,en-IN,455,0.8461538461538461,0.8461174242424243,0.8513513513513513,0.8362831858407079
sentiment,TRAIN_en-IN,ce,TEST_FULL,en-UK,386,0.9119170984455959,0.9118318867062585,0.9285714285714286,0.900990099009901
