task,train_setting,variant,test_setting,group,n,acc,macro_f1,precision,recall
sentiment,Reddit,ce,TEST_Google,en-AU,130,0.8692307692307693,0.7985598395770668,0.8558558558558559,0.9895833333333334
sentiment,Reddit,ce,TEST_Google,en-IN,225,0.8266666666666667,0.7268822559058794,0.8341968911917098,0.9583333333333334
sentiment,Reddit,ce,TEST_Google,en-UK,248,0.8951612903225806,0.8461244749904544,0.8960396039603961,0.9731182795698925
