task,train_setting,variant,test_setting,group,n,acc,macro_f1,precision,recall
sentiment,Reddit,ce,TEST_FULL,en-AU,371,0.8706199460916442,0.8704081038598126,0.8415300546448088,0.8901734104046243
sentiment,Reddit,ce,TEST_FULL,en-IN,455,0.8087912087912088,0.8084210526315789,0.7791164658634538,0.8584070796460177
sentiment,Reddit,ce,TEST_FULL,en-UK,386,0.9093264248704663,0.9084855751319203,0.8778280542986425,0.9603960396039604
