task,train_setting,variant,test_setting,group,n,acc,macro_f1,precision,recall
sentiment,TRAIN_en-AU,ce,TEST_FULL,en-AU,371,0.9002695417789758,0.8988467631995873,0.9415584415584416,0.838150289017341
sentiment,TRAIN_en-AU,ce,TEST_FULL,en-IN,455,0.8241758241758241,0.8240730000386652,0.8348623853211009,0.8053097345132744
sentiment,TRAIN_en-AU,ce,TEST_FULL,en-UK,386,0.9248704663212435,0.9248296007789679,0.9481865284974094,0.905940594059406
