task,train_setting,variant,test_setting,group,n,acc,macro_f1,precision,recall
sarcasm,FULL,ce,TEST_Reddit,en-AU,241,0.6804979253112033,0.67546912435949,0.6090909090909091,0.6633663366336634
sarcasm,FULL,ce,TEST_Reddit,en-IN,230,0.7608695652173914,0.5619047619047619,0.22727272727272727,0.3225806451612903
sarcasm,FULL,ce,TEST_Reddit,en-UK,141,0.6737588652482269,0.6152112007593735,0.36363636363636365,0.6451612903225806
