task,train_setting,variant,test_setting,group,n,acc,macro_f1,precision,recall
sentiment,TRAIN_en-UK,ce,TEST_FULL,en-AU,371,0.8733153638814016,0.8705733902393765,0.9375,0.7803468208092486
sentiment,TRAIN_en-UK,ce,TEST_FULL,en-IN,455,0.8307692307692308,0.830503964663935,0.8530805687203792,0.7964601769911505
sentiment,TRAIN_en-UK,ce,TEST_FULL,en-UK,386,0.9559585492227979,0.9558919413057652,0.964824120603015,0.9504950495049505
