task,train_setting,variant,test_setting,group,n,acc,macro_f1,precision,recall
sentiment,TRAIN_en-AU,ce,TEST_Reddit,en-AU,241,0.8921161825726142,0.8691311612364243,0.9047619047619048,0.7402597402597403
sentiment,TRAIN_en-AU,ce,TEST_Reddit,en-IN,230,0.782608695652174,0.6850695585496769,0.5909090909090909,0.4482758620689655
sentiment,TRAIN_en-AU,ce,TEST_Reddit,en-UK,138,0.9202898550724637,0.8200355660936574,0.631578947368421,0.75
