task,train_setting,variant,test_setting,group,n,acc,macro_f1,precision,recall
sentiment,TRAIN_en-IN,ce,TEST_Reddit,en-AU,241,0.8589211618257261,0.8273929895517358,0.8524590163934426,0.6753246753246753
sentiment,TRAIN_en-IN,ce,TEST_Reddit,en-IN,230,0.8217391304347826,0.7435479045987327,0.6888888888888889,0.5344827586206896
sentiment,TRAIN_en-IN,ce,TEST_Reddit,en-UK,138,0.8985507246376812,0.7863777089783281,0.5454545454545454,0.75
