task,train_setting,variant,test_setting,group,n,acc,macro_f1,precision,recall
sentiment,Google,ce,TEST_FULL,en-AU,371,0.876010781671159,0.8744777875845837,0.9044585987261147,0.8208092485549133
sentiment,Google,ce,TEST_FULL,en-IN,455,0.810989010989011,0.810915030153085,0.7941176470588235,0.8362831858407079
sentiment,Google,ce,TEST_FULL,en-UK,386,0.9404145077720207,0.9402021998154473,0.9323671497584541,0.9554455445544554
