task,train_setting,variant,test_setting,group,n,acc,macro_f1,precision,recall
sentiment,TRAIN_en-UK,ce,TEST_Google,en-AU,130,0.9153846153846154,0.8871794871794871,0.9292929292929293,0.9583333333333334
sentiment,TRAIN_en-UK,ce,TEST_Google,en-IN,225,0.8488888888888889,0.7782351576994434,0.8641304347826086,0.9464285714285714
sentiment,TRAIN_en-UK,ce,TEST_Google,en-UK,248,0.9637096774193549,0.9508099173553719,0.9682539682539683,0.9838709677419355
