task,train_setting,variant,test_setting,group,n,acc,macro_f1,precision,recall
sarcasm,TRAIN_en-AU,ce,TEST_FULL,en-AU,241,0.7095435684647303,0.699992886612605,0.6597938144329897,0.6336633663366337
sarcasm,TRAIN_en-AU,ce,TEST_FULL,en-IN,230,0.5739130434782609,0.4644045242847638,0.14736842105263157,0.45161290322580644
sarcasm,TRAIN_en-AU,ce,TEST_FULL,en-UK,141,0.3971631205673759,0.39116078232156465,0.21875,0.6774193548387096
