task,train_setting,variant,test_setting,group,n,acc,macro_f1,precision,recall
sentiment,TRAIN_en-UK,ce,TEST_Reddit,en-AU,241,0.8506224066390041,0.8024590163934426,0.9555555555555556,0.5584415584415584
sentiment,TRAIN_en-UK,ce,TEST_Reddit,en-IN,230,0.8130434782608695,0.6897254901960784,0.7777777777777778,0.3620689655172414
sentiment,TRAIN_en-UK,ce,TEST_Reddit,en-UK,138,0.9420289855072463,0.8301538461538461,0.9,0.5625
