task,train_setting,variant,test_setting,group,n,acc,macro_f1,precision,recall
sentiment,Reddit,ce,TEST_Reddit,en-AU,241,0.8713692946058091,0.8494266078158695,0.8194444444444444,0.7662337662337663
sentiment,Reddit,ce,TEST_Reddit,en-IN,230,0.7913043478260869,0.7201095223608154,0.5892857142857143,0.5689655172413793
sentiment,Reddit,ce,TEST_Reddit,en-UK,138,0.9347826086956522,0.852756372258447,0.6842105263157895,0.8125
