task,train_setting,variant,test_setting,group,n,acc,macro_f1,precision,recall
sentiment,TRAIN_en-IN,ce,TEST_Google,en-AU,130,0.9307692307692308,0.9112223992715685,0.9578947368421052,0.9479166666666666
sentiment,TRAIN_en-IN,ce,TEST_Google,en-IN,225,0.8711111111111111,0.8198757763975155,0.8926553672316384,0.9404761904761905
sentiment,TRAIN_en-IN,ce,TEST_Google,en-UK,248,0.9193548387096774,0.8986928104575163,0.9770114942528736,0.9139784946236559
