task,train_setting,variant,test_setting,group,n,acc,macro_f1,precision,recall
sentiment,Reddit,ce,TEST_Google,en-AU,130,0.8384615384615385,0.7272999700329638,0.8205128205128205,1.0
sentiment,Reddit,ce,TEST_Google,en-IN,225,0.7822222222222223,0.6161345357055813,0.7902439024390244,0.9642857142857143
sentiment,Reddit,ce,TEST_Google,en-UK,248,0.8709677419354839,0.7864829961256996,0.8532110091743119,1.0
