task,train_setting,variant,test_setting,group,n,acc,macro_f1,precision,recall
sarcasm,TRAIN_en-UK,ce,TEST_FULL,en-AU,241,0.5435684647302904,0.4946240658837883,0.4307692307692308,0.27722772277227725
sarcasm,TRAIN_en-UK,ce,TEST_FULL,en-IN,230,0.7391304347826086,0.6272687986171133,0.3013698630136986,0.7096774193548387
sarcasm,TRAIN_en-UK,ce,TEST_FULL,en-UK,141,0.8014184397163121,0.6698996655518394,0.5714285714285714,0.3870967741935484
