task,train_setting,variant,test_setting,group,n,acc,macro_f1,precision,recall
sarcasm,TRAIN_en-IN,ce,TEST_Reddit,en-AU,241,0.5809128630705395,0.42326738538087905,0.5,0.06930693069306931
sarcasm,TRAIN_en-IN,ce,TEST_Reddit,en-IN,230,0.8347826086956521,0.655145202020202,0.3939393939393939,0.41935483870967744
sarcasm,TRAIN_en-IN,ce,TEST_Reddit,en-UK,141,0.8014184397163121,0.5921487603305785,0.6666666666666666,0.1935483870967742
