task,train_setting,variant,test_setting,group,n,acc,macro_f1,precision,recall
sentiment,TRAIN_en-IN,ce,TEST_Google,en-AU,130,0.9461538461538461,0.929626479003944,0.9587628865979382,0.96875
sentiment,TRAIN_en-IN,ce,TEST_Google,en-IN,225,0.8533333333333334,0.7831546975847667,0.8648648648648649,0.9523809523809523
sentiment,TRAIN_en-IN,ce,TEST_Google,en-UK,248,0.9637096774193549,0.9502485344270335,0.9633507853403142,0.989247311827957
