task,train_setting,variant,test_setting,group,n,acc,macro_f1,precision,recall
sarcasm,TRAIN_en-AU,ce,TEST_Reddit,en-AU,241,0.7385892116182573,0.7371227729972125,0.6557377049180327,0.7920792079207921
sarcasm,TRAIN_en-AU,ce,TEST_Reddit,en-IN,230,0.508695652173913,0.4266616664093005,0.13392857142857142,0.4838709677419355
sarcasm,TRAIN_en-AU,ce,TEST_Reddit,en-UK,141,0.36879432624113473,0.36866730391910246,0.24107142857142858,0.8709677419354839
