task,train_setting,variant,test_setting,group,n,acc,macro_f1,precision,recall
sentiment,TRAIN_en-UK,ce,TEST_FULL,en-AU,371,0.9002695417789758,0.8985717135742628,0.9533333333333334,0.8265895953757225
sentiment,TRAIN_en-UK,ce,TEST_FULL,en-IN,455,0.8307692307692308,0.8306088604596067,0.8465116279069768,0.8053097345132744
sentiment,TRAIN_en-UK,ce,TEST_FULL,en-UK,386,0.9559585492227979,0.955851582736233,0.9556650246305419,0.9603960396039604
