task,train_setting,variant,test_setting,group,n,acc,macro_f1,precision,recall
sentiment,TRAIN_en-AU,ce,TEST_FULL,en-AU,371,0.9326145552560647,0.9323767653127438,0.9204545454545454,0.9364161849710982
sentiment,TRAIN_en-AU,ce,TEST_FULL,en-IN,455,0.810989010989011,0.8101075394052333,0.7692307692307693,0.8849557522123894
sentiment,TRAIN_en-AU,ce,TEST_FULL,en-UK,386,0.9430051813471503,0.9427036947075811,0.9245283018867925,0.9702970297029703
