task,train_setting,variant,test_setting,group,n,acc,macro_f1,precision,recall
sentiment,Google,ce,TEST_Reddit,en-AU,241,0.8506224066390041,0.8217455621301775,0.8059701492537313,0.7012987012987013
sentiment,Google,ce,TEST_Reddit,en-IN,230,0.7782608695652173,0.7252863064708774,0.5492957746478874,0.6724137931034483
sentiment,Google,ce,TEST_Reddit,en-UK,138,0.9202898550724637,0.8283387990500961,0.6190476190476191,0.8125
