task,train_setting,variant,test_setting,group,n,acc,macro_f1,precision,recall
sentiment,Google,ce,TEST_FULL,en-AU,371,0.8867924528301887,0.8859964881474978,0.8922155688622755,0.861271676300578
sentiment,Google,ce,TEST_FULL,en-IN,455,0.8219780219780219,0.8216333938294011,0.7911646586345381,0.8716814159292036
sentiment,Google,ce,TEST_FULL,en-UK,386,0.9378238341968912,0.9375404530744337,0.9238095238095239,0.9603960396039604
