task,train_setting,variant,test_setting,group,n,acc,macro_f1,precision,recall
sentiment,TRAIN_en-IN,ce,TEST_Reddit,en-AU,241,0.8672199170124482,0.8314685314685315,0.9245283018867925,0.6363636363636364
sentiment,TRAIN_en-IN,ce,TEST_Reddit,en-IN,230,0.8304347826086956,0.7283382295042249,0.8064516129032258,0.43103448275862066
sentiment,TRAIN_en-IN,ce,TEST_Reddit,en-UK,138,0.9202898550724637,0.8200355660936574,0.631578947368421,0.75
