task,train_setting,variant,test_setting,group,n,acc,macro_f1,precision,recall
sentiment,TRAIN_en-UK,ce,TEST_Reddit,en-AU,241,0.8755186721991701,0.8404396186440678,0.9607843137254902,0.6363636363636364
sentiment,TRAIN_en-UK,ce,TEST_Reddit,en-IN,230,0.8217391304347826,0.7321859646133311,0.717948717948718,0.4827586206896552
sentiment,TRAIN_en-UK,ce,TEST_Reddit,en-UK,138,0.9565217391304348,0.8807603686635945,0.9166666666666666,0.6875
