task,train_setting,variant,test_setting,group,n,acc,macro_f1,precision,recall
sarcasm,FULL,ce,TEST_FULL,en-AU,241,0.6846473029045643,0.6806388617659367,0.6106194690265486,0.6831683168316832
sarcasm,FULL,ce,TEST_FULL,en-IN,230,0.7782608695652173,0.5937662337662337,0.2727272727272727,0.3870967741935484
sarcasm,FULL,ce,TEST_FULL,en-UK,141,0.6737588652482269,0.6246527777777777,0.3728813559322034,0.7096774193548387
