task,train_setting,variant,test_setting,group,n,acc,macro_f1,precision,recall
sentiment,TRAIN_en-IN,ce,TEST_FULL,en-AU,371,0.894878706199461,0.893089103497196,0.9466666666666667,0.8208092485549133
sentiment,TRAIN_en-IN,ce,TEST_FULL,en-IN,455,0.8417582417582418,0.8416289592760181,0.8564814814814815,0.8185840707964602
sentiment,TRAIN_en-IN,ce,TEST_FULL,en-UK,386,0.9481865284974094,0.947950377562028,0.9333333333333333,0.9702970297029703
