task,train_setting,variant,test_setting,group,n,acc,macro_f1,precision,recall
sentiment,TRAIN_en-UK,ce,TEST_Google,en-AU,130,0.9461538461538461,0.9282051282051282,0.9494949494949495,0.9791666666666666
sentiment,TRAIN_en-UK,ce,TEST_Google,en-IN,225,0.84,0.7778630978499341,0.875,0.9166666666666666
sentiment,TRAIN_en-UK,ce,TEST_Google,en-UK,248,0.9556451612903226,0.9391926531885963,0.9581151832460733,0.9838709677419355
