task,train_setting,variant,test_setting,group,n,acc,macro_f1,precision,recall
sentiment,TRAIN_en-AU,ce,TEST_Google,en-AU,130,0.9538461538461539,0.9364613880742914,0.9411764705882353,1.0
sentiment,TRAIN_en-AU,ce,TEST_Google,en-IN,225,0.8622222222222222,0.8021220460154898,0.8784530386740331,0.9464285714285714
sentiment,TRAIN_en-AU,ce,TEST_Google,en-UK,248,0.9556451612903226,0.9384795796405295,0.9533678756476683,0.989247311827957
