task,train_setting,variant,test_setting,group,n,acc,macro_f1,precision,recall
sentiment,Reddit,ce,TEST_FULL,en-AU,371,0.8571428571428571,0.8570764008518865,0.7912621359223301,0.9421965317919075
sentiment,Reddit,ce,TEST_FULL,en-IN,455,0.7978021978021979,0.7956214358253262,0.7427536231884058,0.9070796460176991
sentiment,Reddit,ce,TEST_FULL,en-UK,386,0.8963730569948186,0.8941450706156588,0.8375,0.995049504950495
