task,train_setting,variant,test_setting,group,n,acc,macro_f1,precision,recall
sentiment,Reddit,ce,TEST_Reddit,en-AU,241,0.8672199170124482,0.8529815464389203,0.7528089887640449,0.8701298701298701
sentiment,Reddit,ce,TEST_Reddit,en-IN,230,0.8130434782608695,0.7683786505538771,0.6056338028169014,0.7413793103448276
sentiment,Reddit,ce,TEST_Reddit,en-UK,138,0.9420289855072463,0.8779301194161875,0.6818181818181818,0.9375
