task,train_setting,variant,test_setting,group,n,acc,macro_f1,precision,recall
sentiment,TRAIN_en-AU,ce,TEST_Reddit,en-AU,241,0.921161825726141,0.908385186370821,0.8918918918918919,0.8571428571428571
sentiment,TRAIN_en-AU,ce,TEST_Reddit,en-IN,230,0.7608695652173914,0.7141307541072519,0.5189873417721519,0.7068965517241379
sentiment,TRAIN_en-AU,ce,TEST_Reddit,en-UK,138,0.9202898550724637,0.8200355660936574,0.631578947368421,0.75
