task,train_setting,variant,test_setting,group,n,acc,macro_f1,precision,recall
sentiment,Google,ce,TEST_Google,en-AU,130,0.9538461538461539,0.9378188775510203,0.95,0.9895833333333334
sentiment,Google,ce,TEST_Google,en-IN,225,0.8666666666666667,0.8124166296131614,0.8876404494382022,0.9404761904761905
sentiment,Google,ce,TEST_Google,en-UK,248,0.9475806451612904,0.9289476584022038,0.9576719576719577,0.9731182795698925
